user_id,product_id,predicted_rating
0,0,4.100631955177469
1,1,4.100631955177469
2,2,4.100631955177469
3,3,4.100631955177469
4,4,4.100631955177469
5,5,4.100631955177469
6,6,4.100631955177469
7,7,4.100631955177469
8,8,4.100631955177469
1,9,4.100631955177469
9,10,4.100631955177469
3,11,4.100631955177469
10,12,4.100631955177469
11,13,4.100631955177469
12,14,4.100631955177469
13,15,4.100631955177469
14,16,4.100631955177469
1,17,4.100631955177469
15,18,4.100631955177469
16,19,4.100631955177469
17,20,4.100631955177469
18,21,4.100631955177469
19,22,4.100631955177469
20,23,4.100631955177469
21,24,4.100631955177469
22,25,4.100631955177469
23,26,4.100631955177469
24,27,4.100631955177469
25,28,4.100631955177469
26,29,4.100631955177469
27,30,4.100631955177469
28,31,4.100631955177469
29,32,4.100631955177469
30,33,4.100631955177469
31,34,4.100631955177469
5,35,4.100631955177469
32,36,4.100631955177469
33,37,4.100631955177469
34,38,4.100631955177469
35,39,4.100631955177469
36,40,4.100631955177469
37,41,4.100631955177469
0,42,4.100631955177469
38,43,4.100631955177469
20,44,4.100631955177469
39,45,4.100631955177469
40,46,4.100631955177469
10,47,4.100631955177469
41,48,4.100631955177469
42,49,4.100631955177469
43,50,4.100631955177469
42,51,4.100631955177469
44,52,4.100631955177469
45,53,4.100631955177469
46,54,4.100631955177469
47,55,4.100631955177469
8,56,4.100631955177469
23,57,4.100631955177469
48,58,4.100631955177469
49,59,4.100631955177469
50,60,4.100631955177469
51,61,4.100631955177469
52,62,4.100631955177469
53,63,4.100631955177469
54,64,4.100631955177469
10,65,4.100631955177469
55,66,4.100631955177469
56,67,4.100631955177469
57,68,4.100631955177469
58,69,4.100631955177469
59,70,4.100631955177469
60,71,4.100631955177469
54,72,4.100631955177469
61,73,4.100631955177469
62,74,4.100631955177469
63,75,4.100631955177469
64,76,4.100631955177469
65,77,4.100631955177469
66,78,4.100631955177469
67,79,4.100631955177469
0,80,4.100631955177469
20,81,4.100631955177469
68,82,4.100631955177469
69,83,4.100631955177469
70,84,4.100631955177469
34,85,4.100631955177469
21,86,4.100631955177469
51,87,4.100631955177469
71,88,4.100631955177469
0,89,4.100631955177469
72,90,4.100631955177469
23,91,4.100631955177469
3,92,4.100631955177469
73,93,4.100631955177469
74,94,4.100631955177469
75,95,4.100631955177469
76,96,4.100631955177469
77,97,4.100631955177469
78,98,4.100631955177469
79,99,4.100631955177469
80,100,4.100631955177469
81,101,4.100631955177469
82,102,4.100631955177469
14,103,4.100631955177469
83,104,4.100631955177469
84,105,4.100631955177469
0,106,4.100631955177469
85,107,4.100631955177469
86,108,4.100631955177469
5,109,4.100631955177469
87,110,4.100631955177469
26,111,4.100631955177469
88,112,4.100631955177469
62,113,4.100631955177469
89,114,4.100631955177469
90,115,4.100631955177469
91,116,4.100631955177469
92,117,4.100631955177469
52,118,4.100631955177469
93,119,4.100631955177469
94,120,4.100631955177469
95,121,4.100631955177469
96,122,4.100631955177469
97,123,4.100631955177469
54,124,4.100631955177469
98,125,4.100631955177469
99,126,4.100631955177469
100,127,4.100631955177469
101,128,4.100631955177469
102,129,4.100631955177469
21,130,4.100631955177469
84,131,4.100631955177469
103,132,4.100631955177469
104,133,4.100631955177469
105,134,4.100631955177469
106,135,4.100631955177469
31,136,4.100631955177469
107,137,4.100631955177469
108,138,4.100631955177469
26,139,4.100631955177469
109,140,4.100631955177469
43,141,4.100631955177469
110,142,4.100631955177469
8,143,4.100631955177469
111,144,4.100631955177469
112,145,4.100631955177469
113,146,4.100631955177469
114,147,4.100631955177469
115,148,4.100631955177469
116,149,4.100631955177469
117,150,4.100631955177469
29,151,4.100631955177469
19,152,4.100631955177469
7,153,4.100631955177469
118,154,4.100631955177469
119,155,4.100631955177469
94,156,4.100631955177469
120,157,4.100631955177469
121,158,4.100631955177469
122,159,4.100631955177469
123,160,4.100631955177469
124,161,4.100631955177469
61,162,4.100631955177469
125,163,4.100631955177469
126,164,4.100631955177469
127,165,4.100631955177469
83,166,4.100631955177469
128,167,4.100631955177469
129,168,4.100631955177469
130,169,4.100631955177469
131,170,4.100631955177469
21,171,4.100631955177469
64,172,4.100631955177469
132,173,4.100631955177469
133,174,4.100631955177469
134,175,4.100631955177469
20,176,4.100631955177469
109,177,4.100631955177469
20,178,4.100631955177469
135,179,4.100631955177469
136,180,4.100631955177469
137,181,4.100631955177469
138,182,4.100631955177469
32,183,4.100631955177469
139,184,4.100631955177469
140,185,4.100631955177469
32,186,4.100631955177469
84,187,4.100631955177469
141,188,4.100631955177469
115,189,4.100631955177469
45,190,4.100631955177469
142,191,4.100631955177469
51,192,4.100631955177469
143,193,4.100631955177469
144,194,4.100631955177469
145,195,4.100631955177469
20,196,4.100631955177469
14,197,4.100631955177469
146,198,4.100631955177469
147,199,4.100631955177469
148,200,4.100631955177469
149,201,4.100631955177469
150,202,4.100631955177469
151,203,4.100631955177469
152,204,4.100631955177469
153,205,4.100631955177469
154,206,4.100631955177469
155,207,4.100631955177469
156,208,4.100631955177469
157,209,4.100631955177469
158,210,4.100631955177469
159,211,4.100631955177469
27,212,4.100631955177469
160,213,4.100631955177469
161,214,4.100631955177469
162,215,4.100631955177469
163,216,4.100631955177469
164,217,4.100631955177469
165,218,4.100631955177469
166,219,4.100631955177469
0,220,4.100631955177469
167,221,4.100631955177469
168,222,4.100631955177469
169,223,4.100631955177469
170,224,4.100631955177469
171,225,4.100631955177469
172,226,4.100631955177469
173,227,4.100631955177469
174,228,4.100631955177469
175,229,4.100631955177469
176,230,4.100631955177469
177,231,4.100631955177469
178,232,4.100631955177469
179,233,4.100631955177469
145,234,4.100631955177469
180,235,4.100631955177469
181,236,4.100631955177469
182,237,4.100631955177469
183,238,4.100631955177469
184,239,4.100631955177469
64,240,4.100631955177469
124,241,4.100631955177469
185,242,4.100631955177469
186,243,4.100631955177469
187,244,4.100631955177469
69,245,4.100631955177469
31,246,4.100631955177469
53,247,4.100631955177469
188,248,4.100631955177469
189,249,4.100631955177469
190,250,4.100631955177469
191,251,4.100631955177469
192,252,4.100631955177469
20,253,4.100631955177469
193,254,4.100631955177469
86,255,4.100631955177469
194,256,4.100631955177469
132,257,4.100631955177469
3,258,4.100631955177469
195,259,4.100631955177469
196,260,4.100631955177469
70,261,4.100631955177469
146,262,4.100631955177469
197,263,4.100631955177469
198,264,4.100631955177469
21,265,4.100631955177469
199,266,4.100631955177469
200,267,4.100631955177469
201,268,4.100631955177469
202,269,4.100631955177469
129,270,4.100631955177469
203,271,4.100631955177469
79,272,4.100631955177469
204,273,4.100631955177469
205,274,4.100631955177469
206,275,4.100631955177469
51,276,4.100631955177469
207,277,4.100631955177469
14,278,4.100631955177469
208,279,4.100631955177469
209,280,4.100631955177469
210,281,4.100631955177469
211,282,4.100631955177469
106,283,4.100631955177469
212,284,4.100631955177469
31,285,4.100631955177469
213,286,4.100631955177469
214,287,4.100631955177469
215,288,4.100631955177469
139,289,4.100631955177469
216,290,4.100631955177469
217,291,4.100631955177469
218,292,4.100631955177469
219,293,4.100631955177469
220,294,4.100631955177469
221,295,4.100631955177469
186,296,4.100631955177469
222,297,4.100631955177469
223,298,4.100631955177469
224,299,4.100631955177469
225,300,4.100631955177469
22,301,4.100631955177469
226,302,4.100631955177469
227,303,4.100631955177469
228,304,4.100631955177469
229,305,4.100631955177469
230,306,4.100631955177469
231,307,4.100631955177469
232,308,4.100631955177469
233,309,4.100631955177469
14,310,4.100631955177469
234,311,4.100631955177469
235,312,4.100631955177469
236,313,4.100631955177469
237,314,4.100631955177469
238,315,4.100631955177469
239,316,4.100631955177469
240,317,4.100631955177469
241,318,4.100631955177469
242,319,4.100631955177469
243,320,4.100631955177469
244,321,4.100631955177469
245,322,4.100631955177469
246,323,4.100631955177469
247,324,4.100631955177469
163,325,4.100631955177469
248,326,4.100631955177469
230,327,4.100631955177469
237,328,4.100631955177469
249,329,4.100631955177469
250,330,4.100631955177469
251,331,4.100631955177469
252,332,4.100631955177469
253,333,4.100631955177469
254,334,4.100631955177469
255,335,4.100631955177469
256,336,4.100631955177469
257,337,4.100631955177469
258,338,4.100631955177469
259,339,4.100631955177469
259,340,4.100631955177469
258,341,4.100631955177469
258,342,4.100631955177469
260,343,4.100631955177469
261,344,4.100631955177469
262,345,4.100631955177469
263,346,4.100631955177469
264,347,4.100631955177469
265,348,4.100631955177469
266,349,4.100631955177469
267,350,4.100631955177469
268,351,4.100631955177469
269,352,4.100631955177469
260,353,4.100631955177469
265,354,4.100631955177469
270,355,4.100631955177469
257,356,4.100631955177469
271,357,4.100631955177469
272,358,4.100631955177469
273,359,4.100631955177469
274,360,4.100631955177469
275,361,4.100631955177469
260,362,4.100631955177469
276,363,4.100631955177469
254,364,4.100631955177469
277,365,4.100631955177469
275,366,4.100631955177469
278,367,4.100631955177469
254,368,4.100631955177469
0,0,4.100631955177469
279,369,4.100631955177469
279,370,4.100631955177469
254,371,4.100631955177469
267,372,4.100631955177469
175,373,4.100631955177469
280,374,4.100631955177469
281,375,4.100631955177469
1,1,4.100631955177469
282,376,4.100631955177469
2,2,4.100631955177469
254,377,4.100631955177469
267,378,4.100631955177469
283,379,4.100631955177469
284,380,4.100631955177469
285,381,4.100631955177469
255,382,4.100631955177469
286,383,4.100631955177469
287,384,4.100631955177469
288,385,4.100631955177469
289,386,4.100631955177469
273,387,4.100631955177469
256,388,4.100631955177469
3,3,4.100631955177469
4,4,4.100631955177469
290,389,4.100631955177469
291,390,4.100631955177469
292,391,4.100631955177469
293,392,4.100631955177469
294,393,4.100631955177469
276,394,4.100631955177469
269,395,4.100631955177469
282,396,4.100631955177469
295,397,4.100631955177469
296,5,4.100631955177469
297,398,4.100631955177469
298,399,4.100631955177469
259,400,4.100631955177469
299,401,4.100631955177469
300,402,4.100631955177469
276,403,4.100631955177469
301,404,4.100631955177469
275,405,4.100631955177469
302,406,4.100631955177469
303,407,4.100631955177469
262,408,4.100631955177469
304,409,4.100631955177469
293,410,4.100631955177469
305,411,4.100631955177469
6,6,4.100631955177469
276,412,4.100631955177469
306,413,4.100631955177469
256,414,4.100631955177469
7,7,4.100631955177469
1,9,4.100631955177469
307,415,4.100631955177469
276,416,4.100631955177469
308,417,4.100631955177469
309,418,4.100631955177469
9,10,4.100631955177469
287,419,4.100631955177469
310,420,4.100631955177469
311,421,4.100631955177469
312,422,4.100631955177469
313,423,4.100631955177469
282,424,4.100631955177469
282,425,4.100631955177469
287,426,4.100631955177469
314,427,4.100631955177469
315,428,4.100631955177469
316,429,4.100631955177469
257,430,4.100631955177469
262,431,4.100631955177469
282,432,4.100631955177469
3,11,4.100631955177469
303,433,4.100631955177469
276,434,4.100631955177469
286,435,4.100631955177469
317,436,4.100631955177469
318,437,4.100631955177469
262,438,4.100631955177469
319,439,4.100631955177469
320,440,4.100631955177469
321,441,4.100631955177469
278,442,4.100631955177469
11,13,4.100631955177469
322,443,4.100631955177469
12,14,4.100631955177469
263,444,4.100631955177469
256,445,4.100631955177469
323,446,4.100631955177469
324,447,4.100631955177469
325,448,4.100631955177469
326,449,4.100631955177469
327,450,4.100631955177469
13,15,4.100631955177469
278,451,4.100631955177469
328,452,4.100631955177469
17,20,4.100631955177469
329,453,4.100631955177469
265,454,4.100631955177469
1,17,4.100631955177469
330,455,4.100631955177469
331,18,4.100631955177469
279,456,4.100631955177469
332,457,4.100631955177469
333,458,4.100631955177469
334,459,4.100631955177469
335,460,4.100631955177469
20,23,4.100631955177469
264,461,4.100631955177469
336,462,4.100631955177469
276,463,4.100631955177469
336,464,4.100631955177469
337,465,4.100631955177469
277,466,4.100631955177469
338,467,4.100631955177469
20,468,4.100631955177469
339,469,4.100631955177469
340,470,4.100631955177469
282,471,4.100631955177469
341,472,4.100631955177469
342,473,4.100631955177469
327,474,4.100631955177469
343,475,4.100631955177469
344,476,4.100631955177469
345,477,4.100631955177469
263,478,4.100631955177469
319,479,4.100631955177469
346,480,4.100631955177469
347,481,4.100631955177469
319,482,4.100631955177469
309,483,4.100631955177469
348,484,4.100631955177469
349,29,4.100631955177469
25,28,4.100631955177469
350,485,4.100631955177469
327,486,4.100631955177469
260,487,4.100631955177469
255,488,4.100631955177469
309,489,4.100631955177469
351,490,4.100631955177469
347,491,4.100631955177469
352,492,4.100631955177469
353,493,4.100631955177469
296,35,4.100631955177469
354,494,4.100631955177469
322,495,4.100631955177469
274,496,4.100631955177469
32,36,4.100631955177469
355,497,4.100631955177469
356,498,4.100631955177469
338,499,4.100631955177469
357,500,4.100631955177469
328,501,4.100631955177469
358,502,4.100631955177469
326,503,4.100631955177469
359,504,4.100631955177469
360,505,4.100631955177469
361,506,4.100631955177469
362,507,4.100631955177469
363,508,4.100631955177469
364,509,4.100631955177469
347,510,4.100631955177469
365,511,4.100631955177469
366,512,4.100631955177469
367,513,4.100631955177469
368,514,4.100631955177469
260,515,4.100631955177469
369,516,4.100631955177469
370,517,4.100631955177469
44,52,4.100631955177469
371,518,4.100631955177469
372,519,4.100631955177469
373,520,4.100631955177469
374,521,4.100631955177469
375,522,4.100631955177469
376,523,4.100631955177469
377,524,4.100631955177469
378,525,4.100631955177469
379,526,4.100631955177469
380,527,4.100631955177469
381,528,4.100631955177469
382,529,4.100631955177469
383,530,4.100631955177469
309,531,4.100631955177469
384,532,4.100631955177469
310,533,4.100631955177469
385,534,4.100631955177469
386,535,4.100631955177469
274,536,4.100631955177469
387,537,4.100631955177469
388,538,4.100631955177469
58,69,4.100631955177469
389,539,4.100631955177469
61,73,4.100631955177469
355,540,4.100631955177469
279,541,4.100631955177469
390,542,4.100631955177469
391,543,4.100631955177469
63,75,4.100631955177469
64,76,4.100631955177469
392,544,4.100631955177469
393,545,4.100631955177469
394,546,4.100631955177469
280,547,4.100631955177469
395,548,4.100631955177469
396,549,4.100631955177469
397,550,4.100631955177469
398,551,4.100631955177469
399,552,4.100631955177469
334,553,4.100631955177469
276,554,4.100631955177469
400,555,4.100631955177469
401,556,4.100631955177469
269,557,4.100631955177469
402,558,4.100631955177469
255,335,4.100631955177469
256,336,4.100631955177469
403,559,4.100631955177469
404,560,4.100631955177469
405,561,4.100631955177469
406,562,4.100631955177469
407,563,4.100631955177469
260,343,4.100631955177469
261,344,4.100631955177469
408,564,4.100631955177469
409,565,4.100631955177469
410,566,4.100631955177469
264,347,4.100631955177469
411,567,4.100631955177469
412,346,4.100631955177469
413,568,4.100631955177469
414,569,4.100631955177469
268,351,4.100631955177469
415,570,4.100631955177469
416,571,4.100631955177469
417,572,4.100631955177469
394,359,4.100631955177469
274,360,4.100631955177469
418,573,4.100631955177469
419,574,4.100631955177469
420,365,4.100631955177469
421,575,4.100631955177469
422,576,4.100631955177469
0,0,4.100631955177469
423,577,4.100631955177469
424,578,4.100631955177469
425,579,4.100631955177469
426,580,4.100631955177469
280,374,4.100631955177469
427,581,4.100631955177469
428,582,4.100631955177469
1,1,4.100631955177469
2,2,4.100631955177469
429,375,4.100631955177469
430,583,4.100631955177469
431,584,4.100631955177469
432,585,4.100631955177469
3,3,4.100631955177469
433,586,4.100631955177469
434,587,4.100631955177469
435,588,4.100631955177469
4,4,4.100631955177469
436,589,4.100631955177469
291,390,4.100631955177469
292,391,4.100631955177469
437,590,4.100631955177469
438,591,4.100631955177469
439,592,4.100631955177469
440,593,4.100631955177469
441,594,4.100631955177469
442,392,4.100631955177469
5,5,4.100631955177469
443,595,4.100631955177469
299,401,4.100631955177469
444,596,4.100631955177469
445,597,4.100631955177469
446,598,4.100631955177469
447,599,4.100631955177469
448,600,4.100631955177469
449,601,4.100631955177469
450,602,4.100631955177469
451,603,4.100631955177469
452,604,4.100631955177469
453,605,4.100631955177469
454,606,4.100631955177469
455,607,4.100631955177469
305,411,4.100631955177469
6,6,4.100631955177469
456,608,4.100631955177469
457,609,4.100631955177469
458,610,4.100631955177469
459,611,4.100631955177469
460,612,4.100631955177469
461,613,4.100631955177469
462,614,4.100631955177469
463,615,4.100631955177469
464,616,4.100631955177469
7,7,4.100631955177469
465,617,4.100631955177469
466,618,4.100631955177469
467,619,4.100631955177469
308,417,4.100631955177469
9,10,4.100631955177469
468,620,4.100631955177469
469,621,4.100631955177469
470,622,4.100631955177469
306,413,4.100631955177469
471,623,4.100631955177469
472,624,4.100631955177469
473,625,4.100631955177469
474,626,4.100631955177469
475,627,4.100631955177469
476,628,4.100631955177469
10,12,4.100631955177469
477,629,4.100631955177469
313,423,4.100631955177469
478,630,4.100631955177469
479,631,4.100631955177469
11,13,4.100631955177469
480,632,4.100631955177469
481,633,4.100631955177469
12,14,4.100631955177469
482,634,4.100631955177469
483,437,4.100631955177469
484,635,4.100631955177469
485,636,4.100631955177469
486,637,4.100631955177469
487,638,4.100631955177469
13,15,4.100631955177469
17,20,4.100631955177469
488,639,4.100631955177469
489,640,4.100631955177469
490,641,4.100631955177469
332,457,4.100631955177469
491,642,4.100631955177469
492,643,4.100631955177469
493,644,4.100631955177469
494,645,4.100631955177469
495,646,4.100631955177469
496,647,4.100631955177469
497,648,4.100631955177469
498,649,4.100631955177469
324,447,4.100631955177469
16,19,4.100631955177469
499,650,4.100631955177469
500,651,4.100631955177469
501,652,4.100631955177469
502,653,4.100631955177469
503,654,4.100631955177469
504,655,4.100631955177469
505,656,4.100631955177469
18,21,4.100631955177469
19,22,4.100631955177469
506,657,4.100631955177469
342,658,4.100631955177469
507,659,4.100631955177469
20,23,4.100631955177469
508,660,4.100631955177469
509,661,4.100631955177469
510,662,4.100631955177469
22,25,4.100631955177469
511,663,4.100631955177469
512,664,4.100631955177469
513,665,4.100631955177469
338,467,4.100631955177469
514,666,4.100631955177469
515,667,4.100631955177469
516,668,4.100631955177469
517,669,4.100631955177469
336,462,4.100631955177469
518,670,4.100631955177469
519,671,4.100631955177469
520,672,4.100631955177469
521,673,4.100631955177469
351,674,4.100631955177469
522,675,4.100631955177469
523,676,4.100631955177469
524,677,4.100631955177469
525,678,4.100631955177469
526,679,4.100631955177469
527,680,4.100631955177469
528,681,4.100631955177469
529,682,4.100631955177469
530,683,4.100631955177469
531,684,4.100631955177469
532,685,4.100631955177469
533,686,4.100631955177469
534,687,4.100631955177469
535,688,4.100631955177469
536,689,4.100631955177469
537,690,4.100631955177469
538,691,4.100631955177469
539,692,4.100631955177469
540,693,4.100631955177469
541,694,4.100631955177469
345,477,4.100631955177469
542,695,4.100631955177469
24,27,4.100631955177469
543,696,4.100631955177469
544,697,4.100631955177469
26,29,4.100631955177469
545,698,4.100631955177469
546,699,4.100631955177469
547,700,4.100631955177469
548,701,4.100631955177469
549,702,4.100631955177469
550,703,4.100631955177469
551,704,4.100631955177469
552,705,4.100631955177469
553,706,4.100631955177469
554,707,4.100631955177469
555,708,4.100631955177469
556,709,4.100631955177469
25,28,4.100631955177469
557,710,4.100631955177469
558,711,4.100631955177469
559,712,4.100631955177469
560,713,4.100631955177469
561,714,4.100631955177469
562,715,4.100631955177469
563,716,4.100631955177469
564,717,4.100631955177469
565,718,4.100631955177469
566,719,4.100631955177469
567,720,4.100631955177469
568,721,4.100631955177469
569,722,4.100631955177469
570,723,4.100631955177469
571,724,4.100631955177469
572,725,4.100631955177469
573,726,4.100631955177469
27,30,4.100631955177469
574,727,4.100631955177469
575,728,4.100631955177469
576,729,4.100631955177469
577,730,4.100631955177469
578,731,4.100631955177469
579,732,4.100631955177469
580,733,4.100631955177469
581,734,4.100631955177469
582,735,4.100631955177469
583,736,4.100631955177469
584,737,4.100631955177469
585,738,4.100631955177469
586,739,4.100631955177469
587,740,4.100631955177469
588,741,4.100631955177469
28,31,4.100631955177469
589,742,4.100631955177469
590,743,4.100631955177469
591,744,4.100631955177469
592,745,4.100631955177469
29,32,4.100631955177469
593,746,4.100631955177469
594,747,4.100631955177469
595,748,4.100631955177469
596,749,4.100631955177469
597,750,4.100631955177469
598,751,4.100631955177469
599,752,4.100631955177469
600,753,4.100631955177469
601,754,4.100631955177469
30,33,4.100631955177469
602,755,4.100631955177469
603,756,4.100631955177469
31,34,4.100631955177469
604,757,4.100631955177469
605,758,4.100631955177469
32,36,4.100631955177469
33,37,4.100631955177469
606,759,4.100631955177469
607,760,4.100631955177469
608,761,4.100631955177469
609,762,4.100631955177469
610,763,4.100631955177469
611,764,4.100631955177469
612,765,4.100631955177469
613,766,4.100631955177469
614,767,4.100631955177469
615,768,4.100631955177469
35,39,4.100631955177469
36,40,4.100631955177469
616,769,4.100631955177469
617,770,4.100631955177469
618,771,4.100631955177469
619,772,4.100631955177469
39,45,4.100631955177469
620,773,4.100631955177469
621,774,4.100631955177469
622,775,4.100631955177469
623,776,4.100631955177469
624,777,4.100631955177469
625,778,4.100631955177469
626,779,4.100631955177469
627,780,4.100631955177469
628,781,4.100631955177469
629,782,4.100631955177469
630,783,4.100631955177469
38,43,4.100631955177469
631,784,4.100631955177469
632,785,4.100631955177469
633,786,4.100631955177469
634,787,4.100631955177469
635,788,4.100631955177469
636,789,4.100631955177469
637,790,4.100631955177469
638,791,4.100631955177469
639,792,4.100631955177469
640,793,4.100631955177469
641,794,4.100631955177469
40,46,4.100631955177469
642,795,4.100631955177469
643,796,4.100631955177469
644,797,4.100631955177469
42,49,4.100631955177469
645,798,4.100631955177469
646,799,4.100631955177469
370,517,4.100631955177469
647,800,4.100631955177469
648,801,4.100631955177469
649,802,4.100631955177469
650,803,4.100631955177469
651,804,4.100631955177469
43,50,4.100631955177469
652,805,4.100631955177469
653,806,4.100631955177469
654,807,4.100631955177469
44,52,4.100631955177469
655,808,4.100631955177469
656,809,4.100631955177469
381,810,4.100631955177469
657,811,4.100631955177469
658,812,4.100631955177469
659,813,4.100631955177469
660,814,4.100631955177469
661,815,4.100631955177469
662,816,4.100631955177469
46,54,4.100631955177469
663,817,4.100631955177469
367,818,4.100631955177469
664,819,4.100631955177469
665,820,4.100631955177469
666,821,4.100631955177469
667,822,4.100631955177469
668,823,4.100631955177469
669,824,4.100631955177469
670,825,4.100631955177469
368,514,4.100631955177469
671,826,4.100631955177469
672,827,4.100631955177469
673,828,4.100631955177469
674,829,4.100631955177469
675,830,4.100631955177469
676,831,4.100631955177469
48,58,4.100631955177469
677,832,4.100631955177469
678,833,4.100631955177469
49,59,4.100631955177469
679,834,4.100631955177469
680,835,4.100631955177469
681,836,4.100631955177469
682,837,4.100631955177469
683,838,4.100631955177469
684,839,4.100631955177469
685,840,4.100631955177469
686,841,4.100631955177469
78,842,4.100631955177469
52,62,4.100631955177469
687,843,4.100631955177469
688,844,4.100631955177469
689,845,4.100631955177469
690,846,4.100631955177469
53,63,4.100631955177469
84,847,4.100631955177469
691,848,4.100631955177469
692,849,4.100631955177469
693,850,4.100631955177469
694,851,4.100631955177469
695,852,4.100631955177469
696,853,4.100631955177469
697,854,4.100631955177469
698,855,4.100631955177469
54,64,4.100631955177469
699,856,4.100631955177469
700,857,4.100631955177469
701,858,4.100631955177469
60,71,4.100631955177469
702,859,4.100631955177469
310,533,4.100631955177469
703,860,4.100631955177469
704,861,4.100631955177469
382,529,4.100631955177469
705,862,4.100631955177469
706,863,4.100631955177469
707,864,4.100631955177469
708,865,4.100631955177469
709,866,4.100631955177469
55,66,4.100631955177469
710,867,4.100631955177469
711,868,4.100631955177469
712,869,4.100631955177469
713,870,4.100631955177469
714,871,4.100631955177469
58,69,4.100631955177469
715,872,4.100631955177469
716,873,4.100631955177469
717,874,4.100631955177469
718,875,4.100631955177469
59,70,4.100631955177469
719,876,4.100631955177469
720,877,4.100631955177469
721,878,4.100631955177469
61,73,4.100631955177469
722,879,4.100631955177469
62,74,4.100631955177469
723,880,4.100631955177469
724,881,4.100631955177469
725,882,4.100631955177469
726,883,4.100631955177469
63,75,4.100631955177469
727,884,4.100631955177469
64,76,4.100631955177469
728,885,4.100631955177469
729,886,4.100631955177469
730,887,4.100631955177469
731,888,4.100631955177469
732,889,4.100631955177469
733,890,4.100631955177469
734,891,4.100631955177469
66,78,4.100631955177469
735,892,4.100631955177469
736,893,4.100631955177469
737,894,4.100631955177469
738,895,4.100631955177469
739,896,4.100631955177469
740,897,4.100631955177469
392,544,4.100631955177469
741,898,4.100631955177469
742,899,4.100631955177469
70,84,4.100631955177469
743,900,4.100631955177469
744,901,4.100631955177469
745,902,4.100631955177469
746,903,4.100631955177469
747,904,4.100631955177469
748,905,4.100631955177469
401,556,4.100631955177469
71,88,4.100631955177469
72,90,4.100631955177469
749,906,4.100631955177469
750,907,4.100631955177469
751,908,4.100631955177469
752,909,4.100631955177469
753,910,4.100631955177469
754,911,4.100631955177469
755,912,4.100631955177469
756,913,4.100631955177469
757,914,4.100631955177469
758,915,4.100631955177469
759,916,4.100631955177469
760,917,4.100631955177469
761,918,4.100631955177469
762,919,4.100631955177469
763,920,4.100631955177469
764,921,4.100631955177469
765,922,4.100631955177469
766,923,4.100631955177469
767,924,4.100631955177469
768,925,4.100631955177469
769,926,4.100631955177469
770,927,4.100631955177469
771,928,4.100631955177469
772,929,4.100631955177469
773,930,4.100631955177469
774,931,4.100631955177469
775,932,4.100631955177469
776,933,4.100631955177469
777,934,4.100631955177469
778,935,4.100631955177469
779,936,4.100631955177469
780,937,4.100631955177469
781,938,4.100631955177469
782,939,4.100631955177469
783,940,4.100631955177469
784,941,4.100631955177469
785,942,4.100631955177469
786,943,4.100631955177469
787,944,4.100631955177469
788,945,4.100631955177469
789,946,4.100631955177469
790,947,4.100631955177469
791,948,4.100631955177469
792,949,4.100631955177469
793,950,4.100631955177469
794,951,4.100631955177469
795,952,4.100631955177469
796,953,4.100631955177469
797,954,4.100631955177469
798,955,4.100631955177469
799,956,4.100631955177469
800,957,4.100631955177469
801,958,4.100631955177469
802,959,4.100631955177469
803,960,4.100631955177469
804,961,4.100631955177469
805,962,4.100631955177469
806,963,4.100631955177469
807,964,4.100631955177469
808,965,4.100631955177469
809,966,4.100631955177469
810,967,4.100631955177469
811,968,4.100631955177469
812,969,4.100631955177469
813,970,4.100631955177469
814,971,4.100631955177469
815,972,4.100631955177469
816,973,4.100631955177469
817,974,4.100631955177469
818,975,4.100631955177469
819,976,4.100631955177469
820,977,4.100631955177469
821,978,4.100631955177469
822,979,4.100631955177469
823,980,4.100631955177469
824,981,4.100631955177469
825,982,4.100631955177469
826,983,4.100631955177469
827,984,4.100631955177469
828,985,4.100631955177469
829,986,4.100631955177469
830,987,4.100631955177469
831,988,4.100631955177469
832,989,4.100631955177469
833,990,4.100631955177469
834,991,4.100631955177469
835,992,4.100631955177469
836,993,4.100631955177469
837,994,4.100631955177469
838,995,4.100631955177469
839,996,4.100631955177469
840,997,4.100631955177469
841,998,4.100631955177469
842,999,4.100631955177469
843,1000,4.100631955177469
844,1001,4.100631955177469
845,1002,4.100631955177469
846,1003,4.100631955177469
847,1004,4.100631955177469
848,1005,4.100631955177469
849,1006,4.100631955177469
850,1007,4.100631955177469
851,1008,4.100631955177469
852,1009,4.100631955177469
853,1010,4.100631955177469
854,1011,4.100631955177469
855,1012,4.100631955177469
856,1013,4.100631955177469
857,1014,4.100631955177469
858,1015,4.100631955177469
859,1016,4.100631955177469
860,1017,4.100631955177469
861,1018,4.100631955177469
862,1019,4.100631955177469
863,1020,4.100631955177469
864,1021,4.100631955177469
865,1022,4.100631955177469
866,1023,4.100631955177469
867,1024,4.100631955177469
868,1025,4.100631955177469
869,1026,4.100631955177469
870,1027,4.100631955177469
871,1028,4.100631955177469
872,1029,4.100631955177469
873,1030,4.100631955177469
874,1031,4.100631955177469
875,1032,4.100631955177469
876,1033,4.100631955177469
877,1034,4.100631955177469
878,1035,4.100631955177469
879,1036,4.100631955177469
880,1037,4.100631955177469
881,1038,4.100631955177469
882,1039,4.100631955177469
883,1040,4.100631955177469
884,1041,4.100631955177469
885,1042,4.100631955177469
886,1043,4.100631955177469
887,1044,4.100631955177469
888,1045,4.100631955177469
889,1046,4.100631955177469
890,1047,4.100631955177469
891,1048,4.100631955177469
892,1049,4.100631955177469
893,1050,4.100631955177469
894,1051,4.100631955177469
895,1052,4.100631955177469
896,1053,4.100631955177469
897,1054,4.100631955177469
898,1055,4.100631955177469
899,1056,4.100631955177469
900,1057,4.100631955177469
901,1058,4.100631955177469
902,1059,4.100631955177469
903,1060,4.100631955177469
904,1061,4.100631955177469
905,1062,4.100631955177469
906,1063,4.100631955177469
907,1064,4.100631955177469
908,1065,4.100631955177469
909,1066,4.100631955177469
910,1067,4.100631955177469
911,1068,4.100631955177469
912,1069,4.100631955177469
913,1070,4.100631955177469
914,1071,4.100631955177469
915,1072,4.100631955177469
916,1073,4.100631955177469
917,1074,4.100631955177469
918,1075,4.100631955177469
919,1076,4.100631955177469
920,1077,4.100631955177469
921,1078,4.100631955177469
922,1079,4.100631955177469
923,1080,4.100631955177469
924,1081,4.100631955177469
925,1082,4.100631955177469
926,1083,4.100631955177469
927,1084,4.100631955177469
928,1085,4.100631955177469
929,1086,4.100631955177469
930,1087,4.100631955177469
931,1088,4.100631955177469
932,1089,4.100631955177469
933,1090,4.100631955177469
934,1091,4.100631955177469
935,1092,4.100631955177469
936,1093,4.100631955177469
937,1094,4.100631955177469
938,1095,4.100631955177469
939,1096,4.100631955177469
940,1097,4.100631955177469
941,1098,4.100631955177469
942,1099,4.100631955177469
943,1100,4.100631955177469
944,1101,4.100631955177469
945,1102,4.100631955177469
946,1103,4.100631955177469
947,1104,4.100631955177469
948,1105,4.100631955177469
949,1106,4.100631955177469
950,1107,4.100631955177469
951,1108,4.100631955177469
952,1109,4.100631955177469
953,1110,4.100631955177469
954,1111,4.100631955177469
955,1112,4.100631955177469
956,1113,4.100631955177469
957,1114,4.100631955177469
958,1115,4.100631955177469
959,1116,4.100631955177469
960,1117,4.100631955177469
961,1118,4.100631955177469
962,1119,4.100631955177469
963,1120,4.100631955177469
964,1121,4.100631955177469
965,1122,4.100631955177469
966,1123,4.100631955177469
967,1124,4.100631955177469
968,1125,4.100631955177469
969,1126,4.100631955177469
970,1127,4.100631955177469
971,1128,4.100631955177469
972,1129,4.100631955177469
973,1130,4.100631955177469
974,1131,4.100631955177469
975,1132,4.100631955177469
976,1133,4.100631955177469
977,1134,4.100631955177469
978,1135,4.100631955177469
979,1136,4.100631955177469
980,1137,4.100631955177469
981,1138,4.100631955177469
982,1139,4.100631955177469
983,1140,4.100631955177469
984,1141,4.100631955177469
985,1142,4.100631955177469
986,1143,4.100631955177469
987,1144,4.100631955177469
988,1145,4.100631955177469
989,1146,4.100631955177469
990,1147,4.100631955177469
991,1148,4.100631955177469
992,1149,4.100631955177469
993,1150,4.100631955177469
994,1151,4.100631955177469
995,1152,4.100631955177469
996,1153,4.100631955177469
997,1154,4.100631955177469
998,1155,4.100631955177469
999,1156,4.100631955177469
1000,1157,4.100631955177469
1001,1158,4.100631955177469
1002,1159,4.100631955177469
1003,1160,4.100631955177469
1004,1161,4.100631955177469
1005,1162,4.100631955177469
1006,1163,4.100631955177469
1007,1164,4.100631955177469
1008,1165,4.100631955177469
1009,1166,4.100631955177469
1010,1167,4.100631955177469
1011,1168,4.100631955177469
1012,1169,4.100631955177469
1013,1170,4.100631955177469
1014,1171,4.100631955177469
1015,1172,4.100631955177469
1016,1173,4.100631955177469
1017,1174,4.100631955177469
1018,1175,4.100631955177469
1019,1176,4.100631955177469
1020,1177,4.100631955177469
1021,1178,4.100631955177469
1022,1179,4.100631955177469
1023,1180,4.100631955177469
1024,1181,4.100631955177469
1025,1182,4.100631955177469
1026,1183,4.100631955177469
1027,1184,4.100631955177469
1028,1185,4.100631955177469
1029,1186,4.100631955177469
1030,1187,4.100631955177469
1031,1188,4.100631955177469
1032,1189,4.100631955177469
1033,1190,4.100631955177469
1034,1191,4.100631955177469
1035,1192,4.100631955177469
1036,1193,4.100631955177469
1037,1194,4.100631955177469
1038,1195,4.100631955177469
1039,1196,4.100631955177469
1040,1197,4.100631955177469
1041,1198,4.100631955177469
1042,1199,4.100631955177469
1043,1200,4.100631955177469
1044,1201,4.100631955177469
1045,1202,4.100631955177469
1046,1203,4.100631955177469
1047,1204,4.100631955177469
1048,1205,4.100631955177469
1049,1206,4.100631955177469
1050,1207,4.100631955177469
1051,1208,4.100631955177469
1052,1209,4.100631955177469
1053,1210,4.100631955177469
1054,1211,4.100631955177469
1055,1212,4.100631955177469
1056,1213,4.100631955177469
1057,1214,4.100631955177469
1058,1215,4.100631955177469
1059,1216,4.100631955177469
1060,1217,4.100631955177469
1061,1218,4.100631955177469
1062,1219,4.100631955177469
1063,1220,4.100631955177469
1064,1221,4.100631955177469
1065,1222,4.100631955177469
1066,1223,4.100631955177469
1067,1224,4.100631955177469
1068,1225,4.100631955177469
1069,1226,4.100631955177469
1070,1227,4.100631955177469
1071,1228,4.100631955177469
1072,1229,4.100631955177469
1073,1230,4.100631955177469
1074,1231,4.100631955177469
1075,1232,4.100631955177469
1076,1233,4.100631955177469
1077,1234,4.100631955177469
1078,1235,4.100631955177469
1079,1236,4.100631955177469
1080,1237,4.100631955177469
1081,1238,4.100631955177469
1082,1239,4.100631955177469
1083,1240,4.100631955177469
1084,1241,4.100631955177469
1085,1242,4.100631955177469
1086,1243,4.100631955177469
1087,1244,4.100631955177469
1088,1245,4.100631955177469
1089,1246,4.100631955177469
1090,1247,4.100631955177469
1091,1248,4.100631955177469
1092,1249,4.100631955177469
1093,1250,4.100631955177469
1094,1251,4.100631955177469
1095,1252,4.100631955177469
1096,1253,4.100631955177469
1097,1254,4.100631955177469
1098,1255,4.100631955177469
1099,1256,4.100631955177469
1100,1257,4.100631955177469
1101,1258,4.100631955177469
1102,1259,4.100631955177469
1103,1260,4.100631955177469
1104,1261,4.100631955177469
1105,1262,4.100631955177469
1106,1263,4.100631955177469
1107,1264,4.100631955177469
1108,1265,4.100631955177469
1109,1266,4.100631955177469
1110,1267,4.100631955177469
1111,1268,4.100631955177469
1112,1269,4.100631955177469
1113,1270,4.100631955177469
1114,1271,4.100631955177469
1115,1272,4.100631955177469
1116,1273,4.100631955177469
1117,1274,4.100631955177469
1118,1275,4.100631955177469
1119,1276,4.100631955177469
1120,1277,4.100631955177469
1121,1278,4.100631955177469
1122,1279,4.100631955177469
1123,1280,4.100631955177469
1124,1281,4.100631955177469
1125,1282,4.100631955177469
1126,1283,4.100631955177469
1127,1284,4.100631955177469
1128,1285,4.100631955177469
1129,1286,4.100631955177469
1130,1287,4.100631955177469
1131,1288,4.100631955177469
1132,1289,4.100631955177469
1133,1290,4.100631955177469
1134,1291,4.100631955177469
1135,1292,4.100631955177469
1136,1293,4.100631955177469
1137,1294,4.100631955177469
1138,1295,4.100631955177469
1139,1296,4.100631955177469
1140,1297,4.100631955177469
1141,1298,4.100631955177469
1142,1299,4.100631955177469
1143,1300,4.100631955177469
1144,1301,4.100631955177469
1145,1302,4.100631955177469
1146,1303,4.100631955177469
1147,1304,4.100631955177469
1148,1305,4.100631955177469
1149,1306,4.100631955177469
1150,1307,4.100631955177469
1151,1308,4.100631955177469
1152,1309,4.100631955177469
1153,1310,4.100631955177469
1154,1311,4.100631955177469
1155,1312,4.100631955177469
1156,1313,4.100631955177469
1157,1314,4.100631955177469
1158,1315,4.100631955177469
1159,1316,4.100631955177469
1160,1317,4.100631955177469
1161,1318,4.100631955177469
1162,1319,4.100631955177469
1163,1320,4.100631955177469
1164,1321,4.100631955177469
1165,1322,4.100631955177469
1166,1323,4.100631955177469
1167,1324,4.100631955177469
1168,1325,4.100631955177469
1169,1326,4.100631955177469
1170,1327,4.100631955177469
1171,1328,4.100631955177469
1172,1329,4.100631955177469
1173,1330,4.100631955177469
1174,1331,4.100631955177469
1175,1332,4.100631955177469
1176,1333,4.100631955177469
1177,1334,4.100631955177469
1178,1335,4.100631955177469
1179,1336,4.100631955177469
1180,1337,4.100631955177469
1181,1338,4.100631955177469
1182,1339,4.100631955177469
1183,1340,4.100631955177469
1184,1341,4.100631955177469
1185,1342,4.100631955177469
1186,1343,4.100631955177469
1187,1344,4.100631955177469
1188,1345,4.100631955177469
1189,1346,4.100631955177469
1190,1347,4.100631955177469
1191,1348,4.100631955177469
1192,1349,4.100631955177469
1193,1350,4.100631955177469
